step,max_speed_change
2.000000,1.975348
3.000000,1.128727
4.000000,1.125268
5.000000,0.925737
6.000000,1.014427
7.000000,0.930618
8.000000,0.819657
9.000000,0.771127
10.000000,0.731529
11.000000,0.672448
12.000000,0.607710
13.000000,0.604056
14.000000,0.564950
15.000000,0.521352
16.000000,0.508062
17.000000,0.493983
18.000000,0.461571
19.000000,0.430549
20.000000,0.433780
21.000000,0.419333
22.000000,0.388828
23.000000,0.382466
24.000000,0.378468
25.000000,0.365932
26.000000,0.349115
27.000000,0.345904
28.000000,0.334491
29.000000,0.324148
30.000000,0.317491
31.000000,0.315468
32.000000,0.301414
33.000000,0.299585
34.000000,0.294261
35.000000,0.288223
36.000000,0.277758
37.000000,0.279683
38.000000,0.276710
39.000000,0.263956
40.000000,0.264231
41.000000,0.259243
42.000000,0.258277
43.000000,0.249463
44.000000,0.251113
45.000000,0.246892
46.000000,0.241693
47.000000,0.241080
48.000000,0.235723
49.000000,0.234305
50.000000,0.229542
51.000000,0.230872
52.000000,0.226909
53.000000,0.224246
54.000000,0.222343
55.000000,0.217241
56.000000,0.216306
57.000000,0.215258
58.000000,0.214651
59.000000,0.211655
60.000000,0.211565
61.000000,0.208717
62.000000,0.204474
63.000000,0.206810
64.000000,0.204609
65.000000,0.200583
66.000000,0.201545
67.000000,0.198887
68.000000,0.197565
69.000000,0.196980
70.000000,0.196714
71.000000,0.195208
72.000000,0.195193
73.000000,0.194072
74.000000,0.194909
75.000000,0.195724
76.000000,0.195349
77.000000,0.193687
78.000000,0.194499
79.000000,0.194797
80.000000,0.193728
81.000000,0.194040
82.000000,0.194587
83.000000,0.193950
84.000000,0.192184
85.000000,0.192759
86.000000,0.192385
87.000000,0.190621
88.000000,0.191405
89.000000,0.191150
90.000000,0.189802
91.000000,0.188849
92.000000,0.188663
93.000000,0.187513
94.000000,0.186543
95.000000,0.186646
96.000000,0.185684
97.000000,0.183812
98.000000,0.183752
99.000000,0.182987
100.000000,0.181341
101.000000,0.181161
102.000000,0.180745
103.000000,0.179382
104.000000,0.177804
105.000000,0.177917
106.000000,0.176887
107.000000,0.175038
108.000000,0.175434
109.000000,0.174786
110.000000,0.173295
111.000000,0.172359
112.000000,0.172292
113.000000,0.171202
114.000000,0.169899
115.000000,0.170156
116.000000,0.169454
117.000000,0.167964
118.000000,0.167536
119.000000,0.167400
120.000000,0.166328
121.000000,0.165509
122.000000,0.165698
123.000000,0.165009
124.000000,0.163564
125.000000,0.163588
126.000000,0.163444
127.000000,0.162446
128.000000,0.162069
129.000000,0.162272
130.000000,0.161684
131.000000,0.160413
132.000000,0.160869
133.000000,0.160912
134.000000,0.160210
135.000000,0.160373
136.000000,0.160866
137.000000,0.160655
138.000000,0.159773
139.000000,0.160843
140.000000,0.161168
141.000000,0.160608
142.000000,0.161580
143.000000,0.162026
144.000000,0.161526
145.000000,0.161745
146.000000,0.162338
147.000000,0.161856
148.000000,0.162321
149.000000,0.162622
150.000000,0.161741
151.000000,0.161673
152.000000,0.161675
153.000000,0.160479
154.000000,0.160879
155.000000,0.160448
156.000000,0.158618
157.000000,0.158626
158.000000,0.157674
159.000000,0.156130
160.000000,0.155986
161.000000,0.154651
162.000000,0.152724
163.000000,0.152194
164.000000,0.150558
165.000000,0.149171
166.000000,0.148383
167.000000,0.146673
168.000000,0.144824
169.000000,0.144043
170.000000,0.142488
171.000000,0.140895
172.000000,0.140235
173.000000,0.138928
174.000000,0.137130
175.000000,0.136377
176.000000,0.135522
177.000000,0.134230
178.000000,0.133645
179.000000,0.133210
180.000000,0.132752
181.000000,0.132941
182.000000,0.132660
183.000000,0.131858
184.000000,0.131615
185.000000,0.131354
186.000000,0.130549
187.000000,0.130119
188.000000,0.129808
189.000000,0.128975
190.000000,0.127866
191.000000,0.127479
192.000000,0.126580
193.000000,0.125875
194.000000,0.125005
195.000000,0.124583
196.000000,0.124359
197.000000,0.123538
198.000000,0.123187
199.000000,0.122968
200.000000,0.122175
201.000000,0.121325
202.000000,0.121109
203.000000,0.120332
204.000000,0.119588
205.000000,0.119367
206.000000,0.118625
207.000000,0.117402
208.000000,0.117242
209.000000,0.117178
210.000000,0.116699
211.000000,0.115832
212.000000,0.114743
213.000000,0.115025
214.000000,0.114855
215.000000,0.114212
216.000000,0.113619
217.000000,0.112808
218.000000,0.113003
219.000000,0.112756
220.000000,0.112289
221.000000,0.111731
222.000000,0.112657
223.000000,0.112662
224.000000,0.112076
225.000000,0.111237
226.000000,0.110236
227.000000,0.110599
228.000000,0.110502
229.000000,0.109940
230.000000,0.109694
231.000000,0.109637
232.000000,0.109479
233.000000,0.109163
234.000000,0.108685
235.000000,0.108568
236.000000,0.108702
237.000000,0.108490
238.000000,0.107985
239.000000,0.107173
240.000000,0.106349
241.000000,0.106107
242.000000,0.106127
243.000000,0.105816
244.000000,0.105279
245.000000,0.104471
246.000000,0.104721
247.000000,0.104613
248.000000,0.104290
249.000000,0.104071
250.000000,0.103814
251.000000,0.103488
252.000000,0.103501
253.000000,0.103273
254.000000,0.102780
255.000000,0.102974
256.000000,0.102791
257.000000,0.102283
258.000000,0.101617
259.000000,0.101158
260.000000,0.100601
261.000000,0.101117
262.000000,0.101299
263.000000,0.101020
264.000000,0.100777
265.000000,0.100548
266.000000,0.100176
267.000000,0.099652
268.000000,0.099154
269.000000,0.098920
270.000000,0.098600
271.000000,0.098902
272.000000,0.099062
273.000000,0.098731
274.000000,0.098201
275.000000,0.097567
276.000000,0.097049
277.000000,0.096878
278.000000,0.096757
279.000000,0.096612
280.000000,0.096202
281.000000,0.096477
282.000000,0.096538
283.000000,0.096390
284.000000,0.095965
285.000000,0.095651
286.000000,0.095163
287.000000,0.094569
288.000000,0.094347
289.000000,0.094291
290.000000,0.094005
291.000000,0.093998
292.000000,0.094007
293.000000,0.093868
294.000000,0.093611
295.000000,0.093222
296.000000,0.092768
297.000000,0.092258
298.000000,0.091956
299.000000,0.091993
300.000000,0.091813
301.000000,0.091457
302.000000,0.091466
303.000000,0.091394
304.000000,0.091247
305.000000,0.090967
306.000000,0.090580
307.000000,0.090240
308.000000,0.089886
309.000000,0.089715
310.000000,0.089653
311.000000,0.089412
312.000000,0.089027
313.000000,0.089260
314.000000,0.089360
315.000000,0.089104
316.000000,0.088650
317.000000,0.088146
318.000000,0.088034
319.000000,0.087610
320.000000,0.087479
321.000000,0.087378
322.000000,0.087625
323.000000,0.087670
324.000000,0.087503
325.000000,0.087270
326.000000,0.086882
327.000000,0.086409
328.000000,0.085912
329.000000,0.085645
330.000000,0.085665
331.000000,0.085477
332.000000,0.085580
333.000000,0.085926
334.000000,0.086212
335.000000,0.086368
336.000000,0.086324
337.000000,0.086169
338.000000,0.085815
339.000000,0.085128
340.000000,0.084368
341.000000,0.083984
342.000000,0.083921
343.000000,0.084153
344.000000,0.084322
345.000000,0.084469
346.000000,0.084530
347.000000,0.084514
348.000000,0.084376
349.000000,0.083976
350.000000,0.082853
351.000000,0.082555
352.000000,0.082519
353.000000,0.082422
354.000000,0.082250
355.000000,0.082201
356.000000,0.082421
357.000000,0.082522
358.000000,0.082556
359.000000,0.082548
360.000000,0.082481
361.000000,0.082367
362.000000,0.082213
363.000000,0.082021
364.000000,0.082096
365.000000,0.082176
366.000000,0.082206
367.000000,0.082238
368.000000,0.082219
369.000000,0.082177
370.000000,0.082154
371.000000,0.082145
372.000000,0.082160
373.000000,0.082185
374.000000,0.082237
375.000000,0.082257
376.000000,0.082229
377.000000,0.082209
378.000000,0.082037
379.000000,0.081829
380.000000,0.081595
381.000000,0.081404
382.000000,0.081167
383.000000,0.081211
384.000000,0.081204
385.000000,0.081171
386.000000,0.081112
387.000000,0.081215
388.000000,0.081385
389.000000,0.081513
390.000000,0.081593
391.000000,0.081923
392.000000,0.082178
393.000000,0.082276
394.000000,0.082237
395.000000,0.082150
396.000000,0.082054
397.000000,0.081974
398.000000,0.082186
399.000000,0.082457
400.000000,0.082937
401.000000,0.083098
402.000000,0.083193
403.000000,0.083175
404.000000,0.082992
405.000000,0.083069
406.000000,0.083176
407.000000,0.083222
408.000000,0.083358
409.000000,0.083542
410.000000,0.083615
411.000000,0.083721
412.000000,0.083838
413.000000,0.084095
414.000000,0.084366
415.000000,0.084525
416.000000,0.084574
417.000000,0.084521
418.000000,0.084691
419.000000,0.085037
420.000000,0.085263
421.000000,0.085533
422.000000,0.086618
423.000000,0.087206
424.000000,0.087622
425.000000,0.087866
426.000000,0.087979
427.000000,0.087933
428.000000,0.087750
429.000000,0.087383
430.000000,0.086979
431.000000,0.086503
432.000000,0.086493
433.000000,0.086741
434.000000,0.087027
435.000000,0.087140
436.000000,0.087090
437.000000,0.086888
438.000000,0.087192
439.000000,0.087464
440.000000,0.087567
441.000000,0.087509
442.000000,0.087305
443.000000,0.087529
444.000000,0.087720
445.000000,0.087795
446.000000,0.087712
447.000000,0.087639
448.000000,0.087780
449.000000,0.087830
450.000000,0.087865
451.000000,0.087749
452.000000,0.087881
453.000000,0.088248
454.000000,0.088861
455.000000,0.089110
456.000000,0.089240
457.000000,0.089309
458.000000,0.089288
459.000000,0.089113
460.000000,0.088773
461.000000,0.088355
462.000000,0.087878
463.000000,0.087377
464.000000,0.087020
465.000000,0.087023
466.000000,0.087197
467.000000,0.087637
468.000000,0.087931
469.000000,0.088074
470.000000,0.088074
471.000000,0.087689
472.000000,0.086786
473.000000,0.087276
474.000000,0.087725
475.000000,0.088112
476.000000,0.088449
477.000000,0.088614
478.000000,0.088289
479.000000,0.087342
480.000000,0.087975
481.000000,0.088243
482.000000,0.088224
483.000000,0.088263
484.000000,0.088828
485.000000,0.088919
486.000000,0.088879
487.000000,0.088725
488.000000,0.088434
489.000000,0.088029
490.000000,0.087560
491.000000,0.086984
492.000000,0.086846
493.000000,0.087373
494.000000,0.087820
495.000000,0.088181
496.000000,0.088366
497.000000,0.088234
498.000000,0.087778
499.000000,0.087535
500.000000,0.088072
501.000000,0.088563
502.000000,0.088992
503.000000,0.089337
504.000000,0.089662
505.000000,0.089877
506.000000,0.089811
507.000000,0.089195
508.000000,0.087192
509.000000,0.086744
510.000000,0.088717
511.000000,0.089072
512.000000,0.088905
513.000000,0.088653
514.000000,0.088304
515.000000,0.087862
516.000000,0.087309
517.000000,0.086687
518.000000,0.086221
519.000000,0.086510
520.000000,0.086650
521.000000,0.086579
522.000000,0.086228
523.000000,0.086492
524.000000,0.086910
525.000000,0.087237
526.000000,0.087424
527.000000,0.087456
528.000000,0.087397
529.000000,0.087398
530.000000,0.087833
531.000000,0.088208
532.000000,0.088500
533.000000,0.088701
534.000000,0.088776
535.000000,0.088702
536.000000,0.088341
537.000000,0.087792
538.000000,0.088063
539.000000,0.088237
540.000000,0.088311
541.000000,0.088246
542.000000,0.087811
543.000000,0.086382
544.000000,0.086503
545.000000,0.086226
546.000000,0.085781
547.000000,0.086223
548.000000,0.086504
549.000000,0.086344
550.000000,0.085977
551.000000,0.085488
552.000000,0.084868
553.000000,0.084467
554.000000,0.084551
555.000000,0.084452
556.000000,0.084140
557.000000,0.084234
558.000000,0.084551
559.000000,0.084751
560.000000,0.084820
561.000000,0.084735
562.000000,0.084546
563.000000,0.084970
564.000000,0.085288
565.000000,0.085477
566.000000,0.085587
567.000000,0.085549
568.000000,0.085332
569.000000,0.084827
570.000000,0.085129
571.000000,0.085406
572.000000,0.085583
573.000000,0.085665
574.000000,0.085631
575.000000,0.085421
576.000000,0.084961
577.000000,0.085087
578.000000,0.085254
579.000000,0.085361
580.000000,0.085409
581.000000,0.085406
582.000000,0.085290
583.000000,0.085080
584.000000,0.084344
585.000000,0.084178
586.000000,0.083922
587.000000,0.084020
588.000000,0.083741
589.000000,0.083306
590.000000,0.082789
591.000000,0.082228
592.000000,0.081596
593.000000,0.081500
594.000000,0.081768
595.000000,0.081594
596.000000,0.081223
597.000000,0.080692
598.000000,0.080072
599.000000,0.079372
600.000000,0.078608
601.000000,0.078728
602.000000,0.078573
603.000000,0.078218
604.000000,0.077731
605.000000,0.077760
606.000000,0.077901
607.000000,0.077935
608.000000,0.077854
609.000000,0.077654
610.000000,0.078070
611.000000,0.078480
612.000000,0.078823
613.000000,0.079226
614.000000,0.079627
615.000000,0.080057
616.000000,0.080544
617.000000,0.081011
618.000000,0.081375
619.000000,0.081835
620.000000,0.082191
621.000000,0.082691
622.000000,0.083024
623.000000,0.083592
624.000000,0.083923
625.000000,0.084450
626.000000,0.084916
627.000000,0.085334
628.000000,0.085757
629.000000,0.086108
630.000000,0.086606
631.000000,0.086929
632.000000,0.087601
633.000000,0.087850
634.000000,0.088443
635.000000,0.088599
636.000000,0.089141
637.000000,0.089670
638.000000,0.089987
639.000000,0.090573
640.000000,0.090745
641.000000,0.091340
642.000000,0.091585
643.000000,0.091959
644.000000,0.092496
645.000000,0.092727
646.000000,0.093338
647.000000,0.093437
648.000000,0.093924
649.000000,0.094222
650.000000,0.094605
651.000000,0.095106
652.000000,0.095092
653.000000,0.095664
654.000000,0.095689
655.000000,0.096342
656.000000,0.096580
657.000000,0.096640
658.000000,0.097082
659.000000,0.097231
660.000000,0.097735
661.000000,0.097647
662.000000,0.097996
663.000000,0.098038
664.000000,0.098541
665.000000,0.098642
666.000000,0.098759
667.000000,0.098835
668.000000,0.099142
669.000000,0.099340
670.000000,0.099116
671.000000,0.099500
672.000000,0.099360
673.000000,0.099854
674.000000,0.099447
675.000000,0.099811
676.000000,0.099508
677.000000,0.099977
678.000000,0.099802
679.000000,0.099893
680.000000,0.099681
681.000000,0.099968
682.000000,0.099815
683.000000,0.099669
684.000000,0.099621
685.000000,0.099572
686.000000,0.099677
687.000000,0.099219
688.000000,0.099387
689.000000,0.098976
690.000000,0.099269
691.000000,0.098414
692.000000,0.098819
693.000000,0.098128
694.000000,0.098588
695.000000,0.098018
696.000000,0.098062
697.000000,0.097601
698.000000,0.097660
699.000000,0.097309
700.000000,0.096945
701.000000,0.096793
702.000000,0.096488
703.000000,0.096384
704.000000,0.095687
705.000000,0.095675
706.000000,0.095004
707.000000,0.095190
708.000000,0.094616
709.000000,0.094386
710.000000,0.093923
711.000000,0.093674
712.000000,0.093338
713.000000,0.092810
714.000000,0.092583
715.000000,0.091996
716.000000,0.091821
717.000000,0.091208
718.000000,0.090971
719.000000,0.090508
720.000000,0.090161
721.000000,0.089747
722.000000,0.089046
723.000000,0.088832
724.000000,0.088298
725.000000,0.088034
726.000000,0.087512
727.000000,0.086890
728.000000,0.086552
729.000000,0.086031
730.000000,0.085742
731.000000,0.085163
732.000000,0.084577
733.000000,0.084218
734.000000,0.083708
735.000000,0.083350
736.000000,0.082703
737.000000,0.082198
738.000000,0.081851
739.000000,0.081311
740.000000,0.080866
741.000000,0.080309
742.000000,0.079890
743.000000,0.079433
744.000000,0.078788
745.000000,0.078320
746.000000,0.077986
747.000000,0.077463
748.000000,0.076910
749.000000,0.076394
750.000000,0.076019
751.000000,0.075557
752.000000,0.074949
753.000000,0.074610
754.000000,0.074091
755.000000,0.073556
756.000000,0.073137
757.000000,0.072671
758.000000,0.072168
759.000000,0.071728
760.000000,0.071213
761.000000,0.070797
762.000000,0.070292
763.000000,0.069873
764.000000,0.069475
765.000000,0.068932
766.000000,0.068582
767.000000,0.068119
768.000000,0.067604
769.000000,0.067299
770.000000,0.066817
771.000000,0.066384
772.000000,0.066059
773.000000,0.065584
774.000000,0.065161
775.000000,0.064866
776.000000,0.064354
777.000000,0.063973
778.000000,0.063668
779.000000,0.063175
780.000000,0.062835
781.000000,0.062528
782.000000,0.061986
783.000000,0.061687
784.000000,0.061453
785.000000,0.060916
786.000000,0.060559
787.000000,0.060414
788.000000,0.059871
789.000000,0.059445
790.000000,0.059411
791.000000,0.058943
792.000000,0.058466
793.000000,0.058401
794.000000,0.058105
795.000000,0.057662
796.000000,0.057517
797.000000,0.057490
798.000000,0.057414
799.000000,0.057296
800.000000,0.057153
801.000000,0.057050
802.000000,0.057151
803.000000,0.057180
804.000000,0.057153
805.000000,0.057076
806.000000,0.056978
807.000000,0.056915
808.000000,0.057079
809.000000,0.057145
810.000000,0.057138
811.000000,0.057083
812.000000,0.056992
813.000000,0.056869
814.000000,0.056819
815.000000,0.056907
816.000000,0.056940
817.000000,0.056922
818.000000,0.056859
819.000000,0.056767
820.000000,0.056798
821.000000,0.056924
822.000000,0.056986
823.000000,0.056977
824.000000,0.056923
825.000000,0.056840
826.000000,0.056725
827.000000,0.056830
828.000000,0.056869
829.000000,0.056864
830.000000,0.056829
831.000000,0.056764
832.000000,0.056810
833.000000,0.056884
834.000000,0.056918
835.000000,0.056920
836.000000,0.056896
837.000000,0.056828
838.000000,0.056834
839.000000,0.056856
840.000000,0.056856
841.000000,0.056833
842.000000,0.056789
843.000000,0.056722
844.000000,0.056639
845.000000,0.056534
846.000000,0.056536
847.000000,0.056588
848.000000,0.056602
849.000000,0.056587
850.000000,0.056548
851.000000,0.056466
852.000000,0.056353
853.000000,0.056218
854.000000,0.056060
855.000000,0.056016
856.000000,0.056094
857.000000,0.056096
858.000000,0.056052
859.000000,0.055968
860.000000,0.055844
861.000000,0.055691
862.000000,0.055519
863.000000,0.055321
864.000000,0.055347
865.000000,0.055413
866.000000,0.055402
867.000000,0.055332
868.000000,0.055222
869.000000,0.055072
870.000000,0.054891
871.000000,0.054679
872.000000,0.054440
873.000000,0.054557
874.000000,0.054580
875.000000,0.054527
876.000000,0.054425
877.000000,0.054278
878.000000,0.054093
879.000000,0.053876
880.000000,0.053624
881.000000,0.053349
882.000000,0.053446
883.000000,0.053458
884.000000,0.053401
885.000000,0.053286
886.000000,0.053120
887.000000,0.052911
888.000000,0.052663
889.000000,0.052389
890.000000,0.052242
891.000000,0.052270
892.000000,0.052219
893.000000,0.052104
894.000000,0.051935
895.000000,0.051717
896.000000,0.051459
897.000000,0.051529
898.000000,0.051635
899.000000,0.051724
900.000000,0.051801
